a2r211c;SPG;1;0;1000;11600;0;0;50;988;11478;0;0;38;0.002;81000.000000;90000.000000;10.000000;1;1;1;988.000;11478.000;0.000;0.000;38.000;0.007;966658;81000.000000;90000.000000;10.000000;4430660;20634723;757568;264468;10025;6213761;29490;560422092;0.007;10.003;8.652;3600.088;0;1;1;0.050000;10;10;1;10;0;0;1;1;1;1;1;1;1;1;1
alue7080;alue;1;0;34479;110988;0;0;2344;30447;102921;0;0;2305;0.094;61452.000000;63414.000000;3.093954;1;1;1;30447.000;102921.000;0.000;0.000;2305.000;0.386;13678;61452.000000;63414.000000;3.093954;3617757;33003234;281535;166947;52156;1945662;35264;38482114;0.422;10.234;0.904;3601.860;0;1;1;0.050000;10;10;1;10;0;0;1;1;1;1;1;1;1;1;1
alut2625;alut;1;0;36711;136234;0;0;879;36147;135105;0;0;878;0.062;34212.000000;36742.000000;6.885853;1;1;1;36147.000;135105.000;0.000;0.000;878.000;0.538;10760;34212.000000;36742.000000;6.885853;2837108;22952486;52167;113787;103302;906442;50706;28632492;0.597;10.211;0.772;3603.173;0;1;1;0.050000;10;10;1;10;0;0;1;1;1;1;1;1;1;1;1
bipa2p;bip;1;0;3300;36146;0;0;300;3140;35726;0;0;300;0.052;33715.000000;38792.000000;13.087750;1;1;1;3140.000;35726.000;0.000;0.000;300.000;0.084;119991;33715.000000;36530.000000;7.705995;160856;186073;290265;16609;530;1411570;5395;85579584;0.025;0.016;2819.455;3600.202;0;1;1;0.050000;10;10;1;10;0;0;1;1;1;1;1;1;1;1;1
bipa2u;bip;1;0;3300;36146;0;0;300;3140;35826;0;0;300;0.008;306.000000;371.000000;17.520216;1;1;1;3140.000;35826.000;0.000;0.000;300.000;0.024;2051423;306.000000;354.000000;13.559322;761732;48778536;2255863;1040177;0;752;5301;106286121;0.017;10.028;12.499;3600.087;0;1;1;0.050000;10;10;1;10;0;0;1;1;1;1;1;1;1;1;1
cc12-2n;pucn;1;0;4096;49148;0;0;473;3921;48630;0;0;298;0.012;586.000000;671.000000;12.667660;1;1;1;3921.000;48630.000;0.000;0.000;298.000;0.032;4168;586.000000;671.000000;12.667660;37376;143647;8165;29;0;33465;5664;2206627;0.037;10.412;3.924;137.302;1;1;1;0.050000;10;10;1;10;0;0;1;1;1;1;1;1;1;1;1
cc12-2p;cc;1;0;4096;49148;0;0;473;4096;49148;0;0;473;0.014;114739.000000;131434.000000;12.702193;1;1;1;4096.000;49148.000;0.000;0.000;473.000;2.235;27661;114739.000000;131434.000000;12.702193;436452;1180573;92749;5817;1102;431786;5849;21378967;0.808;10.016;0.906;3601.763;0;1;1;0.050000;10;10;1;10;0;0;1;1;1;1;1;1;1;1;1
cc12-2u;cc;1;0;4096;49148;0;0;473;4096;49148;0;0;473;0.005;1111.000000;1327.000000;16.277317;1;1;1;4096.000;49148.000;0.000;0.000;473.000;0.794;3417;1111.000000;1327.000000;16.277317;807;1282;1189;0;0;2845;5246;20951;0.362;10.201;0.756;176.693;1;1;1;0.050000;10;10;1;10;0;0;1;1;1;1;1;1;1;1;1
cc3-12n;pucn;1;0;1728;57024;0;0;74;1728;57024;0;0;74;0.005;86.000000;130.000000;33.846154;1;1;1;1728.000;57024.000;0.000;0.000;74.000;0.023;498175;86.000000;130.000000;33.846154;20927076;32668885;623514;75154;97;1840314;2275;997685425;0.023;10.279;6.227;3600.291;0;1;1;0.050000;10;10;1;10;0;0;1;1;1;1;1;1;1;1;1
cc3-12p;cc;1;0;1728;57024;0;0;74;1728;57024;0;0;74;0.024;17714.000000;21059.000000;15.883945;1;1;1;1728.000;57024.000;0.000;0.000;74.000;0.876;155038;17714.000000;20059.000000;11.690513;854997;3290670;163502;50550;6863;2027701;7880;83605497;0.179;10.005;2975.917;3600.331;0;1;1;0.050000;10;10;1;10;0;0;1;1;1;1;1;1;1;1;1
cc3-12u;cc;1;0;1728;57024;0;0;74;1728;57024;0;0;74;0.005;164.000000;205.000000;20.000000;1;1;1;1728.000;57024.000;0.000;0.000;74.000;0.061;278121;164.000000;201.000000;18.407960;1137746;19668765;204571;18519;740;15899031;4333;752895591;0.038;10.035;11.010;3600.348;0;1;1;0.050000;10;10;1;10;0;0;1;1;1;1;1;1;1;1;1
d18;d;1;0;1000;50000;0;0;167;928;27595;0;0;95;0.274;222.000000;223.000000;0.448430;1;1;1;317.000;1230.000;0.000;0.000;95.000;0.036;4;223.000000;223.000000;0.000000;2736;6968;2793;534;27;22247;1289;46150;0.015;2.112;2.439;2.486;0;1;1;0.050000;10;10;1;10;0;0;1;1;1;1;1;1;1;1;1
e01;e;1;0;2500;6250;0;0;5;694;2633;0;0;5;0.004;111.000000;111.000000;0.000000;1;1;0;0.000;0.000;0.000;0.000;0.000;0.000;0;111.000000;111.000000;0.000000;1013;1737;0;1;1;5;1220;0;0.003;0.000;0.144;0.147;0;1;1;0.050000;10;10;1;10;0;0;1;1;1;1;1;1;1;1;1
e02;e;1;0;2500;6250;0;0;10;717;2680;0;0;10;0.004;214.000000;214.000000;0.000000;1;1;0;0.000;0.000;0.000;0.000;0.000;0.000;0;214.000000;214.000000;0.000000;996;1763;0;2;2;2;1233;0;0.004;0.000;0.143;0.145;0;1;1;0.050000;10;10;1;10;0;0;1;1;1;1;1;1;1;1;1
e03;e;1;0;2500;6250;0;0;417;846;2933;0;0;318;0.006;4013.000000;4013.000000;0.000000;1;1;0;0.000;0.000;0.000;0.000;0.000;0.005;0;4013.000000;4013.000000;0.000000;2273;1353;431;116;48;29;503;827;0.006;0.076;0.206;0.216;0;1;1;0.050000;10;10;1;10;0;0;1;1;1;1;1;1;1;1;1
e04;e;1;0;2500;6250;0;0;625;849;2942;0;0;427;0.007;5101.000000;5101.000000;0.000000;1;1;0;0.000;0.000;0.000;0.000;0.000;0.001;0;5101.000000;5101.000000;0.000000;1786;1237;230;71;33;7;363;0;0.007;0.006;0.136;0.143;0;1;1;0.050000;10;10;1;10;0;0;1;1;1;1;1;1;1;1;1
e05;e;1;0;2500;6250;0;0;1250;814;2858;0;0;575;0.012;8128.000000;8128.000000;0.000000;1;1;0;0.000;0.000;0.000;0.000;0.000;0.001;0;8128.000000;8128.000000;0.000000;2092;692;681;122;15;90;168;176;0.007;0.033;0.180;0.191;0;1;1;0.050000;10;10;1;10;0;0;1;1;1;1;1;1;1;1;1
e06;e;1;0;2500;10000;0;0;5;1850;8686;0;0;5;0.009;73.000000;73.000000;0.000000;1;1;0;0.000;0.000;0.000;0.000;0.000;0.001;0;73.000000;73.000000;0.000000;202;1345;0;0;1;14;3156;0;0.008;0.000;0.159;0.164;0;1;1;0.050000;10;10;1;10;0;0;1;1;1;1;1;1;1;1;1
e07;e;1;0;2500;10000;0;0;10;1894;8767;0;0;10;0.013;145.000000;145.000000;0.000000;1;1;0;0.000;0.000;0.000;0.000;0.000;0.002;0;145.000000;145.000000;0.000000;214;1153;0;2;2;20;3337;0;0.009;0.000;0.358;0.364;0;1;1;0.050000;10;10;1;10;0;0;1;1;1;1;1;1;1;1;1
e08;e;1;0;2500;10000;0;0;417;1912;8796;0;0;381;0.014;2639.000000;2641.000000;0.075729;1;1;1;923.000;1948.000;0.000;0.000;381.000;0.012;14;2640.000000;2640.000000;0.000000;2516;1798;736;386;38;54;2033;2894;0.012;0.187;0.548;0.555;0;1;1;0.050000;10;10;1;10;0;0;1;1;1;1;1;1;1;1;1
e09;e;1;0;2500;10000;0;0;625;1947;8869;0;0;554;0.014;3603.000000;3604.000000;0.027747;1;1;1;958.000;1770.000;0.000;0.000;554.000;0.013;2;3604.000000;3604.000000;0.000000;2865;1354;1479;847;45;167;1756;3236;0.013;0.454;0.593;0.634;0;1;1;0.050000;10;10;1;10;0;0;1;1;1;1;1;1;1;1;1
e10;e;1;0;2500;10000;0;0;1250;1778;8524;0;0;896;0.020;5600.000000;5600.000000;0.000000;1;1;0;0.000;0.000;0.000;0.000;0.000;0.001;0;5600.000000;5600.000000;0.000000;3214;704;3483;660;54;722;995;893;0.013;1.335;1.528;1.547;0;1;1;0.050000;10;10;1;10;0;0;1;1;1;1;1;1;1;1;1
e11;e;1;0;2500;25000;0;0;5;2498;24781;0;0;5;0.029;34.000000;34.000000;0.000000;1;1;0;0.000;0.000;0.000;0.000;0.000;0.001;0;34.000000;34.000000;0.000000;23;358;0;0;1;215;4425;0;0.015;0.000;0.438;0.446;0;1;1;0.050000;10;10;1;10;0;0;1;1;1;1;1;1;1;1;1
e12;e;1;0;2500;25000;0;0;10;2500;24781;0;0;10;0.044;67.000000;70.000000;4.285714;1;1;1;334.000;765.000;0.000;0.000;10.000;0.024;4;67.000000;67.000000;0.000000;298;515;1;2;1;221;4724;2933;0.010;0.002;0.298;0.299;0;1;1;0.050000;10;10;1;10;0;0;1;1;1;1;1;1;1;1;1
e13;e;1;0;2500;25000;0;0;417;2449;24669;0;0;370;0.042;1276.000000;1283.000000;0.545596;1;1;1;2263.000;13929.000;0.000;0.000;370.000;0.032;2149;1280.000000;1280.000000;0.000000;51051;95526;22953;1259;222;1472;3109;412370;0.020;1.257;11.530;12.165;0;1;1;0.050000;10;10;1;10;0;0;1;1;1;1;1;1;1;1;1
e14;e;1;0;2500;25000;0;0;625;2398;24552;0;0;524;0.042;1731.000000;1733.000000;0.115407;1;1;1;1328.000;4146.000;0.000;0.000;524.000;0.033;178;1732.000000;1732.000000;0.000000;21896;6345;16171;3892;48;2095;2595;48824;0.022;10.009;10.864;10.889;0;1;1;0.050000;10;10;1;10;0;0;1;1;1;1;1;1;1;1;1
e15;e;1;0;2500;25000;0;0;1250;2118;23519;0;0;870;0.080;2784.000000;2784.000000;0.000000;1;1;0;0.000;0.000;0.000;0.000;0.000;0.002;0;2784.000000;2784.000000;0.000000;3100;592;3835;1350;25;2471;1603;1329;0.019;3.877;4.358;4.386;0;1;1;0.050000;10;10;1;10;0;0;1;1;1;1;1;1;1;1;1
e16;e;1;0;2500;125000;0;0;5;2500;99181;0;0;5;1.099;15.000000;15.000000;0.000000;1;1;0;0.000;0.000;0.000;0.000;0.000;0.003;0;15.000000;15.000000;0.000000;13;137;0;0;0;25819;4334;0;0.039;0.001;1.810;1.838;0;1;1;0.050000;10;10;1;10;0;0;1;1;1;1;1;1;1;1;1
e17;e;1;0;2500;125000;0;0;10;2500;99903;0;0;10;1.175;25.000000;25.000000;0.000000;1;1;0;0.000;0.000;0.000;0.000;0.000;0.003;0;25.000000;25.000000;0.000000;23;265;1;0;0;25097;4393;17;0.036;0.011;1.953;1.960;0;1;1;0.050000;10;10;1;10;0;0;1;1;1;1;1;1;1;1;1
e18;e;1;0;2500;125000;0;0;417;2347;99971;0;0;264;0.966;550.000000;585.000000;5.982906;1;1;1;2347.000;99971.000;0.000;0.000;264.000;0.169;233899;550.000000;585.000000;5.982906;2853266;16836168;927369;17390;8;3113915;8334;101821562;0.052;10.022;1.299;3600.617;0;1;1;0.050000;10;10;1;10;0;0;1;1;1;1;1;1;1;1;1
e19;e;1;0;2500;125000;0;0;625;2083;42237;0;0;208;1.333;753.000000;759.000000;0.790514;1;1;1;2083.000;25384.000;0.000;0.000;208.000;0.144;129523;753.000000;758.000000;0.659631;1010093;6177747;857293;265104;1154;2498188;3129;15644763;0.033;10.024;1168.144;1503.083;1;1;1;0.050000;10;10;1;10;0;0;1;1;1;1;1;1;1;1;1
e20;e;1;0;2500;125000;0;0;1250;1026;5635;0;0;109;1.708;1342.000000;1342.000000;0.000000;1;1;0;0.000;0.000;0.000;0.000;0.000;0.001;0;1342.000000;1342.000000;0.000000;252;489;1136;90;0;34621;1379;0;0.022;0.006;2.322;2.340;0;1;1;0.050000;10;10;1;10;0;0;1;1;1;1;1;1;1;1;1
es10000fst01;ES10000FST;1;0;27019;78814;0;0;10000;24016;71757;0;0;8547;0.227;709449197.000000;727782019.000000;2.518999;1;1;1;24016.000;71757.000;0.000;0.000;8547.000;0.412;1587;709449197.000000;727782019.000000;2.518999;22121;10825;2664;2579;1219;3246;8964;0;0.551;10.414;1.519;509.558;1;1;1;0.050000;10;10;1;10;0;0;1;1;1;1;1;1;1;1;1
fnl4461fst;TSPFST;1;0;17127;54704;0;0;4461;16510;52991;0;0;4207;0.085;179408.000000;186798.000000;3.956145;1;1;1;16510.000;52991.000;0.000;0.000;4207.000;0.186;2349;179408.000000;186798.000000;3.956145;11905;10913;830;774;325;2568;8780;0;0.302;10.274;0.773;386.796;1;1;1;0.050000;10;10;1;10;0;0;1;1;1;1;1;1;1;1;1
G106ac;SPG;1;0;62618;200134;0;0;5373;62164;199226;0;0;5377;0.193;36623991.000000;37214870.000000;1.587750;1;1;1;62164.000;199226.000;0.000;0.000;5377.000;18.092;290;36623991.000000;37214870.000000;1.587750;29844;34474;940;2011;929;628;52222;0;7.340;10.367;9.245;3606.306;0;1;1;0.050000;10;10;1;10;0;0;1;1;1;1;1;1;1;1;1
hc12p;hc;1;0;4096;49152;0;0;2048;4096;49152;0;0;2048;0.030;230095.000000;249206.000000;7.668756;1;1;1;4096.000;49152.000;0.000;0.000;2048.000;0.137;75390;230095.000000;249206.000000;7.668756;2073205;9857;2310599;153043;80;6196613;3144;25420530;0.056;10.074;8.967;3601.827;0;1;1;0.050000;10;10;1;10;0;0;1;1;1;1;1;1;1;1;1
hc12u;hc;1;0;4096;49152;0;0;2048;4096;49152;0;0;2048;0.006;2139.000000;2437.000000;12.228149;1;1;1;4096.000;49152.000;0.000;0.000;2048.000;0.039;8215;2139.000000;2336.000000;8.433219;11414;40975;18330;10554;0;234;2507;199803;0.077;10.366;65.441;80.211;1;1;1;0.050000;10;10;1;10;0;0;1;1;1;1;1;1;1;1;1
I064ac;SPG;1;0;31712;93422;0;0;3182;31706;93410;0;0;3183;0.074;186644603.000000;186981594.000000;0.180227;1;1;1;31706.000;93296.000;0.000;0.000;3183.000;1.409;6288;186644603.000000;186981594.000000;0.180227;1713451;14203433;103321;283851;185023;1205724;25141;6673405;0.892;10.259;1.320;3602.273;0;1;1;0.050000;10;10;1;10;0;0;1;1;1;1;1;1;1;1;1
i640-001;I640;1;0;640;1920;0;0;9;320;1276;0;0;9;0.001;4033.000000;4033.000000;0.000000;1;1;0;0.000;0.000;0.000;0.000;0.000;0.001;0;4033.000000;4033.000000;0.000000;152;422;0;0;1;0;540;0;0.002;0.000;0.082;0.083;0;1;1;0.050000;10;10;1;10;0;0;1;1;1;1;1;1;1;1;1
i640-002;I640;1;0;640;1920;0;0;9;305;1234;0;0;9;0.002;3587.000000;3590.000000;0.083565;1;1;1;27.000;45.000;0.000;0.000;9.000;0.003;2;3588.000000;3588.000000;0.000000;200;457;2;0;1;10;478;302;0.002;0.000;0.245;0.245;0;1;1;0.050000;10;10;1;10;0;0;1;1;1;1;1;1;1;1;1
i640-003;I640;1;0;640;1920;0;0;9;310;1258;0;0;9;0.002;3438.000000;3438.000000;0.000000;1;1;0;0.000;0.000;0.000;0.000;0.000;0.001;0;3438.000000;3438.000000;0.000000;161;403;0;1;3;2;543;0;0.002;0.000;0.121;0.122;0;1;1;0.050000;10;10;1;10;0;0;1;1;1;1;1;1;1;1;1
i640-004;I640;1;0;640;1920;0;0;9;308;1248;0;0;9;0.002;3996.000000;4079.000000;2.034812;1;1;1;137.000;349.000;0.000;0.000;9.000;0.004;3;4000.000000;4000.000000;0.000000;225;616;2;1;2;6;486;283;0.003;0.001;0.274;0.274;0;1;1;0.050000;10;10;1;10;0;0;1;1;1;1;1;1;1;1;1
i640-005;I640;1;0;640;1920;0;0;9;324;1286;0;0;9;0.001;4005.000000;4006.000000;0.024963;1;1;1;41.000;73.000;0.000;0.000;9.000;0.003;3;4006.000000;4006.000000;0.000000;190;425;1;2;1;2;522;306;0.002;0.000;0.132;0.137;0;1;1;0.050000;10;10;1;10;0;0;1;1;1;1;1;1;1;1;1
i640-011;I640;1;0;640;8270;0;0;9;640;8270;0;0;9;0.002;2392.000000;2392.000000;0.000000;1;1;0;0.000;0.000;0.000;0.000;0.000;0.008;0;2392.000000;2392.000000;0.000000;15;8;0;0;1;0;1049;0;0.011;0.000;0.153;0.163;0;1;1;0.050000;10;10;1;10;0;0;1;1;1;1;1;1;1;1;1
i640-012;I640;1;0;640;8270;0;0;9;640;8270;0;0;9;0.002;2377.000000;2465.000000;3.569980;1;1;1;640.000;8270.000;0.000;0.000;9.000;0.052;11;2465.000000;2465.000000;0.000000;61;191;1;3;4;22;1035;1637;0.010;0.004;0.333;0.361;0;1;1;0.050000;10;10;1;10;0;0;1;1;1;1;1;1;1;1;1
i640-013;I640;1;0;640;8270;0;0;9;640;8270;0;0;9;0.002;2314.000000;2605.000000;11.170825;1;1;1;640.000;8261.000;0.000;0.000;9.000;0.061;31;2399.000000;2399.000000;0.000000;142;557;1;0;3;72;1078;9284;0.010;0.001;0.630;0.631;0;1;1;0.050000;10;10;1;10;0;0;1;1;1;1;1;1;1;1;1
i640-014;I640;1;0;640;8270;0;0;9;640;8270;0;0;9;0.002;2171.000000;2171.000000;0.000000;1;1;0;0.000;0.000;0.000;0.000;0.000;0.005;0;2171.000000;2171.000000;0.000000;13;34;0;2;1;0;1148;0;0.009;0.000;0.230;0.238;0;1;1;0.050000;10;10;1;10;0;0;1;1;1;1;1;1;1;1;1
i640-015;I640;1;0;640;8270;0;0;9;640;8270;0;0;9;0.002;2276.000000;2347.000000;3.025138;1;1;1;89.000;287.000;0.000;0.000;9.000;0.022;7;2347.000000;2347.000000;0.000000;19;90;0;5;3;13;1024;881;0.011;0.000;0.270;0.298;0;1;1;0.050000;10;10;1;10;0;0;1;1;1;1;1;1;1;1;1
i640-021;I640;1;0;640;408960;0;0;9;640;408960;0;0;9;2.042;1749.000000;1749.000000;0.000000;1;1;0;0.000;0.000;0.000;0.000;0.000;0.506;0;1749.000000;1749.000000;0.000000;9;0;0;1;0;0;1260;0;0.444;0.002;3.399;4.035;0;1;1;0.050000;10;10;1;10;0;0;1;1;1;1;1;1;1;1;1
i640-022;I640;1;0;640;408960;0;0;9;640;408960;0;0;9;2.109;1756.000000;1756.000000;0.000000;1;1;0;0.000;0.000;0.000;0.000;0.000;0.330;0;1756.000000;1756.000000;0.000000;9;0;0;1;0;0;1260;0;0.685;0.002;3.615;4.076;0;1;1;0.050000;10;10;1;10;0;0;1;1;1;1;1;1;1;1;1
i640-023;I640;1;0;640;408960;0;0;9;640;408960;0;0;9;2.050;1754.000000;1754.000000;0.000000;1;1;0;0.000;0.000;0.000;0.000;0.000;0.528;0;1754.000000;1754.000000;0.000000;9;0;0;1;0;0;1260;0;0.491;0.002;2.981;3.640;0;1;1;0.050000;10;10;1;10;0;0;1;1;1;1;1;1;1;1;1
i640-024;I640;1;0;640;408960;0;0;9;640;408960;0;0;9;2.553;1751.000000;1751.000000;0.000000;1;1;0;0.000;0.000;0.000;0.000;0.000;0.331;0;1751.000000;1751.000000;0.000000;9;0;0;1;0;0;1260;0;0.461;0.002;3.415;3.876;0;1;1;0.050000;10;10;1;10;0;0;1;1;1;1;1;1;1;1;1
i640-025;I640;1;0;640;408960;0;0;9;640;408960;0;0;9;2.583;1745.000000;1745.000000;0.000000;1;1;0;0.000;0.000;0.000;0.000;0.000;0.318;0;1745.000000;1745.000000;0.000000;9;0;0;1;0;0;1260;0;0.705;0.002;3.844;4.296;0;1;1;0.050000;10;10;1;10;0;0;1;1;1;1;1;1;1;1;1
i640-031;I640;1;0;640;2560;0;0;9;487;2244;0;0;9;0.002;3271.000000;3291.000000;0.607718;1;1;1;39.000;79.000;0.000;0.000;9.000;0.004;3;3278.000000;3278.000000;0.000000;69;275;0;4;2;8;871;482;0.003;0.000;0.207;0.208;0;1;1;0.050000;10;10;1;10;0;0;1;1;1;1;1;1;1;1;1
i640-032;I640;1;0;640;2560;0;0;9;478;2232;0;0;9;0.002;3187.000000;3187.000000;0.000000;1;1;0;0.000;0.000;0.000;0.000;0.000;0.001;0;3187.000000;3187.000000;0.000000;74;248;0;2;1;4;844;0;0.003;0.000;0.241;0.243;0;1;1;0.050000;10;10;1;10;0;0;1;1;1;1;1;1;1;1;1
i640-033;I640;1;0;640;2560;0;0;9;484;2244;0;0;9;0.002;3240.000000;3351.000000;3.312444;1;1;1;165.000;431.000;0.000;0.000;9.000;0.005;7;3260.000000;3260.000000;0.000000;164;446;3;7;3;12;859;557;0.003;0.001;0.098;0.099;0;1;1;0.050000;10;10;1;10;0;0;1;1;1;1;1;1;1;1;1
i640-034;I640;1;0;640;2560;0;0;9;486;2246;0;0;9;0.002;2953.000000;2953.000000;0.000000;1;1;0;0.000;0.000;0.000;0.000;0.000;0.001;0;2953.000000;2953.000000;0.000000;65;242;0;0;1;2;882;0;0.002;0.000;0.062;0.064;0;1;1;0.050000;10;10;1;10;0;0;1;1;1;1;1;1;1;1;1
i640-035;I640;1;0;640;2560;0;0;9;482;2244;0;0;9;0.002;3292.000000;3292.000000;0.000000;1;1;0;0.000;0.000;0.000;0.000;0.000;0.002;0;3292.000000;3292.000000;0.000000;63;296;0;0;2;0;788;0;0.004;0.000;0.013;0.017;0;1;1;0.050000;10;10;1;10;0;0;1;1;1;1;1;1;1;1;1
i640-041;I640;1;0;640;81792;0;0;9;640;81792;0;0;9;0.180;1893.000000;1897.000000;0.210859;1;1;1;640.000;63952.000;0.000;0.000;9.000;0.873;3;1897.000000;1897.000000;0.000000;19;0;0;7;1;166;1208;17840;0.111;0.008;1.255;1.546;0;1;1;0.050000;10;10;1;10;0;0;1;1;1;1;1;1;1;1;1
i640-042;I640;1;0;640;81792;0;0;9;640;81792;0;0;9;0.208;1898.000000;1966.000000;3.458800;1;1;1;443.000;6007.000;0.000;0.000;9.000;0.464;20;1934.000000;1934.000000;0.000000;26;66;1;4;2;128;1204;56694;0.116;0.000;0.975;0.992;0;1;1;0.050000;10;10;1;10;0;0;1;1;1;1;1;1;1;1;1
i640-043;I640;1;0;640;81792;0;0;9;640;81792;0;0;9;0.199;1890.000000;1940.000000;2.577320;1;1;1;205.000;1435.000;0.000;0.000;9.000;0.383;13;1931.000000;1931.000000;0.000000;31;20;2;13;2;33;1176;13426;0.101;0.016;0.816;0.824;0;1;1;0.050000;10;10;1;10;0;0;1;1;1;1;1;1;1;1;1
i640-044;I640;1;0;640;81792;0;0;9;640;81792;0;0;9;0.189;1890.000000;1963.000000;3.718798;1;1;1;574.000;11692.000;0.000;0.000;9.000;0.545;29;1938.000000;1938.000000;0.000000;51;88;2;12;0;197;1219;72751;0.109;0.000;1.116;1.130;0;1;1;0.050000;10;10;1;10;0;0;1;1;1;1;1;1;1;1;1
i640-045;I640;1;0;640;81792;0;0;9;640;81792;0;0;9;0.197;1866.000000;1866.000000;0.000000;1;1;0;0.000;0.000;0.000;0.000;0.000;0.096;0;1866.000000;1866.000000;0.000000;10;0;0;0;1;0;1173;0;0.118;0.000;0.362;0.477;0;1;1;0.050000;10;10;1;10;0;0;1;1;1;1;1;1;1;1;1
i640-101;I640;1;0;640;1920;0;0;25;327;1288;0;0;25;0.002;8702.000000;8863.000000;1.816541;1;1;1;206.000;584.000;0.000;0.000;25.000;0.003;28;8764.000000;8764.000000;0.000000;361;714;25;12;2;9;481;741;0.002;0.000;0.028;0.028;0;1;1;0.050000;10;10;1;10;0;0;1;1;1;1;1;1;1;1;1
i640-102;I640;1;0;640;1920;0;0;25;322;1278;0;0;25;0.002;9109.000000;9109.000000;0.000000;1;1;0;0.000;0.000;0.000;0.000;0.000;0.001;0;9109.000000;9109.000000;0.000000;193;410;0;6;1;2;459;0;0.002;0.000;0.031;0.033;0;1;1;0.050000;10;10;1;10;0;0;1;1;1;1;1;1;1;1;1
i640-103;I640;1;0;640;1920;0;0;25;311;1256;0;0;24;0.001;8819.000000;8819.000000;0.000000;1;1;0;0.000;0.000;0.000;0.000;0.000;0.001;0;8819.000000;8819.000000;0.000000;205;376;0;3;2;4;462;0;0.002;0.000;0.013;0.015;0;1;1;0.050000;10;10;1;10;0;0;1;1;1;1;1;1;1;1;1
i640-104;I640;1;0;640;1920;0;0;25;314;1263;0;0;25;0.002;8997.000000;9054.000000;0.629556;1;1;1;85.000;169.000;0.000;0.000;25.000;0.003;3;9040.000000;9040.000000;0.000000;229;500;7;11;2;7;435;312;0.002;0.001;0.104;0.105;0;1;1;0.050000;10;10;1;10;0;0;1;1;1;1;1;1;1;1;1
i640-105;I640;1;0;640;1920;0;0;25;331;1300;0;0;25;0.001;9512.000000;9945.000000;4.353947;1;1;1;331.000;1296.000;0.000;0.000;25.000;0.005;154;9623.000000;9623.000000;0.000000;955;3453;154;70;15;82;425;4905;0.003;0.002;0.152;0.156;0;1;1;0.050000;10;10;1;10;0;0;1;1;1;1;1;1;1;1;1
i640-111;I640;1;0;640;8270;0;0;25;640;8270;0;0;25;0.002;5850.000000;6680.000000;12.425150;1;1;1;640.000;8270.000;0.000;0.000;25.000;0.053;6718;6167.000000;6167.000000;0.000000;46208;198293;1996;1726;947;29441;1585;1336005;0.012;0.001;23.254;25.417;0;1;1;0.050000;10;10;1;10;0;0;1;1;1;1;1;1;1;1;1
i640-112;I640;1;0;640;8270;0;0;25;640;8270;0;0;25;0.002;5977.000000;6700.000000;10.791045;1;1;1;640.000;8270.000;0.000;0.000;25.000;0.068;2847;6304.000000;6304.000000;0.000000;18478;73256;689;545;223;8203;1269;502308;0.013;0.000;9.613;10.360;0;1;1;0.050000;10;10;1;10;0;0;1;1;1;1;1;1;1;1;1
i640-113;I640;1;0;640;8270;0;0;25;640;8270;0;0;25;0.002;6011.000000;6704.000000;10.337112;1;1;1;640.000;8270.000;0.000;0.000;25.000;0.056;4812;6249.000000;6249.000000;0.000000;33727;143487;666;684;426;17222;1556;1011312;0.013;0.001;17.752;20.153;0;1;1;0.050000;10;10;1;10;0;0;1;1;1;1;1;1;1;1;1
i640-114;I640;1;0;640;8270;0;0;25;640;8270;0;0;25;0.002;6052.000000;6792.000000;10.895171;1;1;1;640.000;8270.000;0.000;0.000;25.000;0.059;8062;6308.000000;6308.000000;0.000000;47058;191061;2334;1634;854;26859;1685;1382446;0.013;0.001;25.189;26.825;0;1;1;0.050000;10;10;1;10;0;0;1;1;1;1;1;1;1;1;1
i640-115;I640;1;0;640;8270;0;0;25;640;8270;0;0;25;0.002;6023.000000;6734.000000;10.558361;1;1;1;640.000;8270.000;0.000;0.000;25.000;0.062;3911;6217.000000;6217.000000;0.000000;27059;112734;766;616;463;15014;1385;777039;0.013;0.007;14.959;16.393;0;1;1;0.050000;10;10;1;10;0;0;1;1;1;1;1;1;1;1;1
i640-121;I640;1;0;640;408960;0;0;25;640;408960;0;0;25;1.991;4906.000000;4906.000000;0.000000;1;1;0;0.000;0.000;0.000;0.000;0.000;0.504;0;4906.000000;4906.000000;0.000000;25;0;0;0;1;0;1228;0;0.667;0.002;3.740;4.373;0;1;1;0.050000;10;10;1;10;0;0;1;1;1;1;1;1;1;1;1
i640-122;I640;1;0;640;408960;0;0;25;640;408960;0;0;25;2.507;4911.000000;4911.000000;0.000000;1;1;0;0.000;0.000;0.000;0.000;0.000;0.485;0;4911.000000;4911.000000;0.000000;25;0;0;0;1;0;1228;0;0.922;0.002;4.498;5.116;0;1;1;0.050000;10;10;1;10;0;0;1;1;1;1;1;1;1;1;1
i640-123;I640;1;0;640;408960;0;0;25;640;408960;0;0;25;1.972;4913.000000;4913.000000;0.000000;1;1;0;0.000;0.000;0.000;0.000;0.000;0.806;0;4913.000000;4913.000000;0.000000;25;0;0;0;1;0;1227;0;0.653;0.002;3.536;4.472;0;1;1;0.050000;10;10;1;10;0;0;1;1;1;1;1;1;1;1;1
i640-124;I640;1;0;640;408960;0;0;25;640;408960;0;0;25;2.466;4906.000000;4906.000000;0.000000;1;1;0;0.000;0.000;0.000;0.000;0.000;0.480;0;4906.000000;4906.000000;0.000000;26;0;0;0;0;0;1226;0;0.940;0.002;4.459;5.069;0;1;1;0.050000;10;10;1;10;0;0;1;1;1;1;1;1;1;1;1
i640-125;I640;1;0;640;408960;0;0;25;640;408960;0;0;25;2.489;4920.000000;4920.000000;0.000000;1;1;0;0.000;0.000;0.000;0.000;0.000;0.806;0;4920.000000;4920.000000;0.000000;25;0;0;1;1;609;1228;0;0.666;0.002;4.009;4.945;0;1;1;0.050000;10;10;1;10;0;0;1;1;1;1;1;1;1;1;1
i640-131;I640;1;0;640;2560;0;0;25;486;2248;0;0;25;0.002;7982.000000;8474.000000;5.805995;1;1;1;486.000;2241.000;0.000;0.000;25.000;0.008;98;8097.000000;8097.000000;0.000000;1058;3257;92;29;13;84;775;4965;0.004;0.001;0.274;0.275;0;1;1;0.050000;10;10;1;10;0;0;1;1;1;1;1;1;1;1;1
i640-132;I640;1;0;640;2560;0;0;25;485;2242;0;0;24;0.002;7984.000000;8154.000000;2.084866;1;1;1;284.000;890.000;0.000;0.000;24.000;0.008;11;8154.000000;8154.000000;0.000000;233;659;8;17;8;17;771;856;0.003;0.001;0.131;0.149;0;1;1;0.050000;10;10;1;10;0;0;1;1;1;1;1;1;1;1;1
i640-133;I640;1;0;640;2560;0;0;25;486;2248;0;0;25;0.002;8000.000000;8102.000000;1.258948;1;1;1;207.000;616.000;0.000;0.000;25.000;0.008;7;8021.000000;8021.000000;0.000000;200;472;6;6;2;5;769;543;0.004;0.001;0.152;0.152;0;1;1;0.050000;10;10;1;10;0;0;1;1;1;1;1;1;1;1;1
i640-134;I640;1;0;640;2560;0;0;25;491;2259;0;0;25;0.002;7719.000000;7764.000000;0.579598;1;1;1;100.000;220.000;0.000;0.000;25.000;0.005;6;7754.000000;7754.000000;0.000000;159;290;10;11;0;9;804;512;0.003;0.001;0.140;0.140;0;1;1;0.050000;10;10;1;10;0;0;1;1;1;1;1;1;1;1;1
i640-135;I640;1;0;640;2560;0;0;25;484;2245;0;0;25;0.003;7618.000000;7697.000000;1.026374;1;1;1;424.000;1551.000;0.000;0.000;25.000;0.008;11;7696.000000;7696.000000;0.000000;273;735;2;8;4;10;761;1016;0.004;0.001;0.120;0.121;0;1;1;0.050000;10;10;1;10;0;0;1;1;1;1;1;1;1;1;1
i640-141;I640;1;0;640;81792;0;0;25;640;81792;0;0;25;0.197;5087.000000;5347.000000;4.862540;1;1;1;640.000;81774.000;0.000;0.000;25.000;1.442;478;5199.000000;5199.000000;0.000000;779;94;54;273;45;5569;1296;307804;0.139;0.001;15.665;16.469;0;1;1;0.050000;10;10;1;10;0;0;1;1;1;1;1;1;1;1;1
i640-142;I640;1;0;640;81792;0;0;25;640;81792;0;0;25;0.192;5139.000000;5288.000000;2.817700;1;1;1;640.000;81177.000;0.000;0.000;25.000;1.151;137;5193.000000;5193.000000;0.000000;209;3;12;86;18;2487;1255;116564;0.132;0.011;7.697;8.829;0;1;1;0.050000;10;10;1;10;0;0;1;1;1;1;1;1;1;1;1
i640-143;I640;1;0;640;81792;0;0;25;640;81792;0;0;25;0.183;5140.000000;5456.000000;5.791789;1;1;1;640.000;81792.000;0.000;0.000;25.000;1.195;125;5194.000000;5194.000000;0.000000;186;28;21;63;19;1861;1242;153076;0.132;0.005;7.631;8.073;0;1;1;0.050000;10;10;1;10;0;0;1;1;1;1;1;1;1;1;1
i640-144;I640;1;0;640;81792;0;0;25;640;81792;0;0;25;0.209;5154.000000;5205.000000;0.979827;1;1;1;438.000;9697.000;0.000;0.000;25.000;0.524;86;5205.000000;5205.000000;0.000000;99;0;3;24;4;518;1262;45225;0.137;0.008;0.602;1.658;0;1;1;0.050000;10;10;1;10;0;0;1;1;1;1;1;1;1;1;1
i640-145;I640;1;0;640;81792;0;0;25;640;81792;0;0;25;0.202;5054.000000;5519.000000;8.425439;1;1;1;640.000;81792.000;0.000;0.000;25.000;1.261;768;5218.000000;5218.000000;0.000000;1105;119;74;377;74;9235;1329;510166;0.134;0.001;16.062;20.718;0;1;1;0.050000;10;10;1;10;0;0;1;1;1;1;1;1;1;1;1
i640-201;I640;1;0;640;1920;0;0;50;330;1298;0;0;49;0.002;15990.000000;16142.000000;0.941643;1;1;1;244.000;696.000;0.000;0.000;49.000;0.003;28;16079.000000;16079.000000;0.000000;566;862;41;18;12;12;384;795;0.002;0.001;0.124;0.125;0;1;1;0.050000;10;10;1;10;0;0;1;1;1;1;1;1;1;1;1
i640-202;I640;1;0;640;1920;0;0;50;330;1292;0;0;49;0.002;16306.000000;16432.000000;0.766796;1;1;1;230.000;650.000;0.000;0.000;49.000;0.003;32;16324.000000;16324.000000;0.000000;486;717;59;15;2;19;390;598;0.003;0.000;0.193;0.194;0;1;1;0.050000;10;10;1;10;0;0;1;1;1;1;1;1;1;1;1
i640-203;I640;1;0;640;1920;0;0;50;334;1306;0;0;50;0.001;15940.000000;16293.000000;2.166575;1;1;1;333.000;1255.000;0.000;0.000;50.000;0.006;69;16124.000000;16124.000000;0.000000;924;1676;134;87;17;85;412;2260;0.003;0.007;0.233;0.244;0;1;1;0.050000;10;10;1;10;0;0;1;1;1;1;1;1;1;1;1
i640-204;I640;1;0;640;1920;0;0;50;329;1288;0;0;50;0.002;16222.000000;16412.000000;1.157689;1;1;1;298.000;985.000;0.000;0.000;50.000;0.005;35;16239.000000;16239.000000;0.000000;508;1154;69;35;12;29;373;1214;0.003;0.001;0.300;0.300;0;1;1;0.050000;10;10;1;10;0;0;1;1;1;1;1;1;1;1;1
i640-205;I640;1;0;640;1920;0;0;50;338;1308;0;0;49;0.001;16551.000000;16836.000000;1.692801;1;1;1;335.000;1163.000;0.000;0.000;49.000;0.004;66;16616.000000;16616.000000;0.000000;821;1356;121;24;12;57;414;1847;0.004;0.001;0.308;0.309;0;1;1;0.050000;10;10;1;10;0;0;1;1;1;1;1;1;1;1;1
i640-211;I640;1;0;640;8270;0;0;50;640;8270;0;0;50;0.003;11456.000000;13289.000000;13.793363;1;1;1;640.000;8270.000;0.000;0.000;50.000;0.059;582081;11456.000000;12968.000000;11.659469;3642123;14472728;370950;110368;38342;2202579;15722;168231309;0.018;0.006;3003.043;3600.027;0;1;1;0.050000;10;10;1;10;0;0;1;1;1;1;1;1;1;1;1
i640-212;I640;1;0;640;8270;0;0;50;640;8270;0;0;50;0.003;11368.000000;12651.000000;10.141491;1;1;1;640.000;8270.000;0.000;0.000;50.000;0.056;688817;11368.000000;11971.000000;5.037173;3940695;16195339;234024;32697;15325;2020948;28049;161726226;0.017;0.011;3461.705;3600.005;0;1;1;0.050000;10;10;1;10;0;0;1;1;1;1;1;1;1;1;1
i640-213;I640;1;0;640;8270;0;0;50;640;8270;0;0;50;0.003;11419.000000;12644.000000;9.688390;1;1;1;640.000;8270.000;0.000;0.000;50.000;0.053;661315;11879.000000;11879.000000;0.000000;3060851;12009273;169478;67859;24164;1677411;27395;123846664;0.018;0.003;2515.321;3159.450;0;1;1;0.050000;10;10;1;10;0;0;1;1;1;1;1;1;1;1;1
i640-214;I640;1;0;640;8270;0;0;50;640;8270;0;0;50;0.003;11441.000000;12885.000000;11.206830;1;1;1;640.000;8270.000;0.000;0.000;50.000;0.058;752355;11441.000000;12051.000000;5.061821;4177574;16069758;283148;87806;29354;2426895;33794;157286636;0.018;0.001;3321.082;3600.005;0;1;1;0.050000;10;10;1;10;0;0;1;1;1;1;1;1;1;1;1
i640-215;I640;1;0;640;8270;0;0;50;640;8270;0;0;50;0.003;11497.000000;13097.000000;12.216538;1;1;1;640.000;8270.000;0.000;0.000;50.000;0.051;874900;11497.000000;12351.000000;6.914420;4651307;18735186;382592;103870;52315;2407545;30952;165999821;0.017;0.001;3594.172;3600.007;0;1;1;0.050000;10;10;1;10;0;0;1;1;1;1;1;1;1;1;1
i640-221;I640;1;0;640;408960;0;0;50;640;408960;0;0;50;2.358;9807.000000;9888.000000;0.819175;1;1;1;640.000;296398.000;0.000;0.000;50.000;6.313;66;9821.000000;9821.000000;0.000000;337;0;19;166;2;45412;1175;348401;0.725;0.154;22.781;24.674;0;1;1;0.050000;10;10;1;10;0;0;1;1;1;1;1;1;1;1;1
i640-222;I640;1;0;640;408960;0;0;50;640;408960;0;0;50;1.910;9786.000000;9867.000000;0.820918;1;1;1;640.000;200741.000;0.000;0.000;50.000;6.675;41;9798.000000;9798.000000;0.000000;221;0;1;76;4;23136;1177;367618;0.744;0.047;19.363;19.431;0;1;1;0.050000;10;10;1;10;0;0;1;1;1;1;1;1;1;1;1
i640-223;I640;1;0;640;408960;0;0;50;640;408960;0;0;50;1.877;9800.000000;9870.000000;0.709220;1;1;1;640.000;196518.000;0.000;0.000;50.000;5.882;70;9811.000000;9811.000000;0.000000;246;0;8;106;0;27173;1175;395855;0.776;0.095;19.488;19.633;0;1;1;0.050000;10;10;1;10;0;0;1;1;1;1;1;1;1;1;1
i640-224;I640;1;0;640;408960;0;0;50;640;408960;0;0;50;1.966;9789.000000;9815.000000;0.264901;1;1;1;134.000;5996.000;0.000;0.000;50.000;4.453;33;9805.000000;9805.000000;0.000000;133;0;3;93;2;1595;1178;16493;0.785;0.002;8.831;8.958;0;1;1;0.050000;10;10;1;10;0;0;1;1;1;1;1;1;1;1;1
i640-225;I640;1;0;640;408960;0;0;50;640;408960;0;0;50;2.363;9777.000000;9992.000000;2.151721;1;1;1;640.000;408384.000;0.000;0.000;50.000;6.761;39;9807.000000;9807.000000;0.000000;228;0;3;145;7;27963;1184;20326;0.782;0.021;29.295;33.202;0;1;1;0.050000;10;10;1;10;0;0;1;1;1;1;1;1;1;1;1
i640-231;I640;1;0;640;2560;0;0;50;493;2264;0;0;50;0.002;14767.000000;15350.000000;3.798046;1;1;1;493.000;2264.000;0.000;0.000;50.000;0.014;738;15014.000000;15014.000000;0.000000;5388;17196;702;177;74;382;733;38855;0.006;0.003;1.317;1.407;0;1;1;0.050000;10;10;1;10;0;0;1;1;1;1;1;1;1;1;1
i640-232;I640;1;0;640;2560;0;0;50;495;2268;0;0;50;0.003;14354.000000;14840.000000;3.274933;1;1;1;495.000;2266.000;0.000;0.000;50.000;0.014;240;14630.000000;14630.000000;0.000000;2671;8906;188;72;20;313;700;15293;0.005;0.005;1.126;1.158;0;1;1;0.050000;10;10;1;10;0;0;1;1;1;1;1;1;1;1;1
i640-233;I640;1;0;640;2560;0;0;50;515;2306;0;0;50;0.002;14571.000000;15083.000000;3.394550;1;1;1;515.000;2306.000;0.000;0.000;50.000;0.009;302;14797.000000;14797.000000;0.000000;2612;6923;375;158;41;131;743;15744;0.004;0.005;0.370;0.471;0;1;1;0.050000;10;10;1;10;0;0;1;1;1;1;1;1;1;1;1
i640-234;I640;1;0;640;2560;0;0;50;496;2256;0;0;49;0.002;15100.000000;15250.000000;0.983607;1;1;1;359.000;1201.000;0.000;0.000;49.000;0.007;18;15203.000000;15203.000000;0.000000;401;826;21;5;1;40;683;1322;0.005;0.002;0.043;0.046;0;1;1;0.050000;10;10;1;10;0;0;1;1;1;1;1;1;1;1;1
i640-235;I640;1;0;640;2560;0;0;50;484;2244;0;0;50;0.002;14533.000000;15024.000000;3.268104;1;1;1;484.000;2244.000;0.000;0.000;50.000;0.015;1344;14803.000000;14803.000000;0.000000;10297;26666;1583;302;98;476;743;62406;0.006;0.002;1.208;1.977;0;1;1;0.050000;10;10;1;10;0;0;1;1;1;1;1;1;1;1;1
i640-241;I640;1;0;640;81792;0;0;50;640;81792;0;0;50;0.204;10130.000000;10269.000000;1.353588;1;1;1;640.000;80777.000;0.000;0.000;50.000;1.288;17148;10230.000000;10230.000000;0.000000;27141;9;1724;10080;941;151603;2930;4133043;0.182;0.037;189.828;193.219;0;1;1;0.050000;10;10;1;10;0;0;1;1;1;1;1;1;1;1;1
i640-242;I640;1;0;640;81792;0;0;50;640;81792;0;0;50;0.217;10090.000000;10195.000000;1.029917;1;1;1;640.000;63299.000;0.000;0.000;50.000;1.071;602;10195.000000;10195.000000;0.000000;1196;0;69;364;27;8393;1250;329695;0.174;0.001;0.437;12.790;0;1;1;0.050000;10;10;1;10;0;0;1;1;1;1;1;1;1;1;1
i640-243;I640;1;0;640;81792;0;0;50;640;81792;0;0;50;0.222;10090.000000;10431.000000;3.269102;1;1;1;640.000;81792.000;0.000;0.000;50.000;1.383;2581;10215.000000;10215.000000;0.000000;6154;38;403;2301;190;36164;1547;935356;0.187;0.027;29.889;41.051;0;1;1;0.050000;10;10;1;10;0;0;1;1;1;1;1;1;1;1;1
i640-244;I640;1;0;640;81792;0;0;50;640;81792;0;0;50;0.206;10138.000000;10382.000000;2.350222;1;1;1;640.000;81737.000;0.000;0.000;50.000;1.155;11864;10246.000000;10246.000000;0.000000;20972;8;1433;7093;811;122236;2501;3382221;0.182;0.023;48.283;145.300;0;1;1;0.050000;10;10;1;10;0;0;1;1;1;1;1;1;1;1;1
i640-245;I640;1;0;640;81792;0;0;50;640;81792;0;0;50;0.211;10105.000000;10306.000000;1.950320;1;1;1;640.000;81677.000;0.000;0.000;50.000;1.213;3613;10223.000000;10223.000000;0.000000;5625;0;356;1746;230;36539;1701;1297596;0.186;0.005;42.289;56.988;0;1;1;0.050000;10;10;1;10;0;0;1;1;1;1;1;1;1;1;1
i640-301;I640;1;0;640;1920;0;0;160;376;1390;0;0;146;0.001;44889.000000;45234.000000;0.762701;1;1;1;376.000;1376.000;0.000;0.000;146.000;0.004;290;45005.000000;45005.000000;0.000000;4923;3836;1030;258;20;301;253;17239;0.003;0.016;0.502;0.563;0;1;1;0.050000;10;10;1;10;0;0;1;1;1;1;1;1;1;1;1
i640-302;I640;1;0;640;1920;0;0;160;353;1345;0;0;144;0.001;45507.000000;45993.000000;1.056683;1;1;1;353.000;1345.000;0.000;0.000;144.000;0.004;1230;45736.000000;45736.000000;0.000000;10764;4884;3945;444;8;577;219;31131;0.003;0.008;1.439;1.484;0;1;1;0.050000;10;10;1;10;0;0;1;1;1;1;1;1;1;1;1
i640-303;I640;1;0;640;1920;0;0;160;378;1391;0;0;146;0.002;44888.000000;45148.000000;0.575884;1;1;1;378.000;1320.000;0.000;0.000;146.000;0.004;296;44922.000000;44922.000000;0.000000;4356;1609;1232;615;27;388;263;8057;0.003;0.005;0.383;0.385;0;1;1;0.050000;10;10;1;10;0;0;1;1;1;1;1;1;1;1;1
i640-304;I640;1;0;640;1920;0;0;160;372;1378;0;0;152;0.001;46143.000000;46400.000000;0.553879;1;1;1;372.000;1324.000;0.000;0.000;152.000;0.004;167;46233.000000;46233.000000;0.000000;2185;1156;559;79;4;80;241;5155;0.003;0.002;0.240;0.242;0;1;1;0.050000;10;10;1;10;0;0;1;1;1;1;1;1;1;1;1
i640-305;I640;1;0;640;1920;0;0;160;361;1362;0;0;146;0.002;45786.000000;46304.000000;1.118694;1;1;1;361.000;1362.000;0.000;0.000;146.000;0.004;2352;45902.000000;45902.000000;0.000000;29249;19491;7461;1166;225;782;289;90161;0.003;0.002;3.199;3.326;0;1;1;0.050000;10;10;1;10;0;0;1;1;1;1;1;1;1;1;1
i640-311;I640;1;0;640;8270;0;0;160;640;8270;0;0;160;0.004;34658.000000;37404.000000;7.341461;1;1;1;640.000;8270.000;0.000;0.000;160.000;0.121;892868;34658.000000;37169.000000;6.755630;7256598;1716882;1588823;83729;10017;2322713;4535;93023475;0.037;0.012;2269.485;3600.026;0;1;1;0.050000;10;10;1;10;0;0;1;1;1;1;1;1;1;1;1
i640-312;I640;1;0;640;8270;0;0;160;639;8266;0;0;160;0.007;34657.000000;37992.000000;8.778164;1;1;1;639.000;8266.000;0.000;0.000;160.000;0.070;851177;34657.000000;37971.000000;8.727713;5928351;1719038;1486255;43932;6556;1846683;3494;94215759;0.039;0.025;2441.823;3600.038;0;1;1;0.050000;10;10;1;10;0;0;1;1;1;1;1;1;1;1;1
i640-313;I640;1;0;640;8270;0;0;160;640;8270;0;0;160;0.004;34565.000000;37229.000000;7.155712;1;1;1;640.000;8270.000;0.000;0.000;160.000;0.077;791761;34565.000000;37229.000000;7.155712;4512261;1212130;812277;174192;37061;1054963;3521;71254551;0.038;0.056;0.160;3600.037;0;1;1;0.050000;10;10;1;10;0;0;1;1;1;1;1;1;1;1;1
i640-314;I640;1;0;640;8270;0;0;160;640;8270;0;0;160;0.004;34453.000000;37190.000000;7.359505;1;1;1;640.000;8270.000;0.000;0.000;160.000;0.065;808540;34453.000000;37124.000000;7.194807;5575793;1822240;1178796;45576;3388;1452950;6444;92424800;0.033;0.015;2036.686;3600.024;0;1;1;0.050000;10;10;1;10;0;0;1;1;1;1;1;1;1;1;1
i640-315;I640;1;0;640;8270;0;0;160;640;8270;0;0;160;0.004;34696.000000;37417.000000;7.272096;1;1;1;640.000;8270.000;0.000;0.000;160.000;0.069;970212;34696.000000;37294.000000;6.966268;7855249;2052727;1894927;41291;5686;2539314;12569;96311504;0.032;0.002;3560.768;3600.032;0;1;1;0.050000;10;10;1;10;0;0;1;1;1;1;1;1;1;1;1
i640-321;I640;1;0;640;408960;0;0;160;640;408960;0;0;160;1.588;30991.000000;31350.000000;1.145136;1;1;1;640.000;408960.000;0.000;0.000;160.000;8.721;36388;31094.000000;31094.000000;0.000000;163897;0;3687;85286;1291;9544052;2532;35541123;2.260;0.149;2562.060;2711.630;0;1;1;0.050000;10;10;1;10;0;0;1;1;1;1;1;1;1;1;1
i640-322;I640;1;0;640;408960;0;0;160;640;408960;0;0;160;1.849;30955.000000;31267.000000;0.997857;1;1;1;640.000;408958.000;0.000;0.000;160.000;7.824;7704;31068.000000;31068.000000;0.000000;33868;0;938;17070;250;3238274;1238;11400235;1.501;0.144;487.503;935.562;0;1;1;0.050000;10;10;1;10;0;0;1;1;1;1;1;1;1;1;1
i640-323;I640;1;0;640;408960;0;0;160;640;408960;0;0;160;1.543;30973.000000;31394.000000;1.341021;1;1;1;640.000;408960.000;0.000;0.000;160.000;8.921;50945;30973.000000;31119.000000;0.469167;235795;0;5438;118373;1996;11918972;2617;44532020;1.184;0.044;1573.088;3600.349;0;1;1;0.050000;10;10;1;10;0;0;1;1;1;1;1;1;1;1;1
i640-324;I640;1;0;640;408960;0;0;160;640;408960;0;0;160;1.568;31006.000000;31220.000000;0.685458;1;1;1;640.000;408436.000;0.000;0.000;160.000;8.453;7576;31092.000000;31092.000000;0.000000;36038;0;663;17536;296;2744240;1237;12378328;2.217;0.146;268.306;778.467;0;1;1;0.050000;10;10;1;10;0;0;1;1;1;1;1;1;1;1;1
i640-325;I640;1;0;640;408960;0;0;160;640;408960;0;0;160;1.636;30942.000000;31277.000000;1.071075;1;1;1;640.000;408960.000;0.000;0.000;160.000;7.169;68321;30942.000000;31139.000000;0.632647;362642;0;7367;182650;2381;12896943;3169;47133355;1.255;0.741;2330.862;3600.208;0;1;1;0.050000;10;10;1;10;0;0;1;1;1;1;1;1;1;1;1
i640-331;I640;1;0;640;2560;0;0;160;505;2290;0;0;157;0.002;42576.000000;43139.000000;1.305084;1;1;1;505.000;2290.000;0.000;0.000;157.000;0.009;45967;42796.000000;42796.000000;0.000000;467576;517187;91197;4187;1075;20318;1521;3577226;0.005;0.002;112.560;113.726;0;1;1;0.050000;10;10;1;10;0;0;1;1;1;1;1;1;1;1;1
i640-332;I640;1;0;640;2560;0;0;160;512;2297;0;0;158;0.003;42082.000000;42756.000000;1.576387;1;1;1;512.000;2297.000;0.000;0.000;158.000;0.010;299684;42548.000000;42548.000000;0.000000;2877914;6260133;476455;9141;504;178112;9123;32530932;0.005;0.020;893.204;947.349;0;1;1;0.050000;10;10;1;10;0;0;1;1;1;1;1;1;1;1;1
i640-333;I640;1;0;640;2560;0;0;160;517;2312;0;0;155;0.003;41945.000000;42465.000000;1.224538;1;1;1;517.000;2312.000;0.000;0.000;155.000;0.011;21411;42345.000000;42345.000000;0.000000;203869;243102;35372;1719;508;17625;1056;1251816;0.007;0.341;9.326;57.383;0;1;1;0.050000;10;10;1;10;0;0;1;1;1;1;1;1;1;1;1
i640-334;I640;1;0;640;2560;0;0;160;515;2304;0;0;157;0.002;42137.000000;43658.000000;3.483898;1;1;1;515.000;2304.000;0.000;0.000;157.000;0.013;1297352;42137.000000;43340.000000;2.775727;11640492;18159978;2567822;172136;40931;376887;15751;108255940;0.006;0.048;3539.783;3600.003;0;1;1;0.050000;10;10;1;10;0;0;1;1;1;1;1;1;1;1;1
i640-335;I640;1;0;640;2560;0;0;160;521;2318;0;0;157;0.002;42499.000000;43719.000000;2.790549;1;1;1;521.000;2318.000;0.000;0.000;157.000;0.011;482846;43035.000000;43035.000000;0.000000;4656223;7588096;549070;19379;6832;290858;12056;45055754;0.008;0.006;1260.848;1361.249;0;1;1;0.050000;10;10;1;10;0;0;1;1;1;1;1;1;1;1;1
i640-341;I640;1;0;640;81792;0;0;160;640;81792;0;0;160;0.298;31727.000000;32315.000000;1.819588;1;1;1;640.000;81792.000;0.000;0.000;160.000;1.190;188250;31727.000000;32097.000000;1.152756;817715;0;46353;170473;4273;5054570;5252;62369744;0.284;0.903;1836.955;3600.078;0;1;1;0.050000;10;10;1;10;0;0;1;1;1;1;1;1;1;1;1
i640-342;I640;1;0;640;81792;0;0;160;640;81792;0;0;160;0.301;31779.000000;32168.000000;1.209276;1;1;1;640.000;81792.000;0.000;0.000;160.000;1.464;199910;31779.000000;31995.000000;0.675105;870820;1;47549;285163;9644;5385917;11853;76374810;0.308;0.051;3301.217;3600.099;0;1;1;0.050000;10;10;1;10;0;0;1;1;1;1;1;1;1;1;1
i640-343;I640;1;0;640;81792;0;0;160;640;81792;0;0;160;0.291;31797.000000;32162.000000;1.134880;1;1;1;640.000;81792.000;0.000;0.000;160.000;1.448;228048;31797.000000;32032.000000;0.733641;950255;2;54426;331650;9727;5474443;13540;70268814;0.300;0.237;249.113;3600.472;0;1;1;0.050000;10;10;1;10;0;0;1;1;1;1;1;1;1;1;1
i640-344;I640;1;0;640;81792;0;0;160;640;81792;0;0;160;0.299;31779.000000;32337.000000;1.725578;1;1;1;640.000;81792.000;0.000;0.000;160.000;1.384;258127;31779.000000;32042.000000;0.820798;1214704;0;67389;427880;8861;6486191;13230;69661306;0.323;0.044;2449.079;3600.036;0;1;1;0.050000;10;10;1;10;0;0;1;1;1;1;1;1;1;1;1
i640-345;I640;1;0;640;81792;0;0;160;640;81792;0;0;160;0.304;31715.000000;32231.000000;1.600943;1;1;1;640.000;81792.000;0.000;0.000;160.000;1.057;312208;31715.000000;32043.000000;1.023625;1548917;0;97911;614819;14685;8006007;19662;75076284;0.307;0.203;3265.954;3600.035;0;1;1;0.050000;10;10;1;10;0;0;1;1;1;1;1;1;1;1;1
lin36;lin;1;0;38307;143092;0;0;58;38303;143084;0;0;58;0.161;51737.000000;58375.000000;11.371306;1;1;1;37829.000;141179.000;0.000;0.000;58.000;8.110;8154;51737.000000;58177.000000;11.069667;207497;5341389;8964;78001;107592;1219437;62461;7566189;2.989;10.221;492.438;3601.743;0;1;1;0.050000;10;10;1;10;0;0;1;1;1;1;1;1;1;1;1
lin37;lin;1;0;38418;143314;0;0;172;38414;143306;0;0;172;0.176;95801.000000;103244.000000;7.209136;1;1;1;38216.000;142512.000;0.000;0.000;172.000;5.560;4505;95801.000000;103244.000000;7.209136;127527;2625033;8258;58134;71280;589358;60681;3070006;2.559;10.097;3.737;3110.872;1;1;1;0.050000;10;10;1;10;0;0;1;1;1;1;1;1;1;1;1
rc09;copenhagen;1;0;6128;30528;0;0;200;6117;28909;0;0;200;0.092;108901.000000;115311.000000;5.558880;1;1;1;6117.000;28909.000;0.000;0.000;200.000;0.208;304177;108901.000000;115311.000000;5.558880;1326172;24299572;625850;1170683;823551;4773252;12001;30364497;0.084;10.020;0.259;3600.185;0;1;1;0.050000;10;10;1;10;0;0;1;1;1;1;1;1;1;1;1
rt05;copenhagen;1;0;15473;77856;0;0;200;15461;74475;0;0;200;0.400;50198.000000;53263.000000;5.754464;1;1;1;15461.000;74475.000;0.000;0.000;200.000;0.788;39726;50198.000000;53263.000000;5.754464;2057902;41689089;52977;213380;110595;7248790;22058;35705968;0.255;10.092;0.809;3600.521;0;1;1;0.050000;10;10;1;10;0;0;1;1;1;1;1;1;1;1;1
s5;skutella;1;0;36415;291270;0;0;16808;36415;291270;0;0;16808;0.050;19608.000000;25210.000000;22.221341;1;1;1;36415.000;291270.000;0.000;0.000;16808.000;0.399;510;19608.000000;25210.000000;22.221341;25210;0;160;3;0;0;19607;0;0.454;10.484;0.719;189.335;1;1;1;0.050000;10;10;1;10;0;0;1;1;1;1;1;1;1;1;1
w23c23;sp;1;0;1081;6348;0;0;552;1081;6348;0;0;552;0.001;656.000000;730.000000;10.136986;1;1;1;1081.000;6348.000;0.000;0.000;552.000;0.004;2256520;656.000000;716.000000;8.379888;10117054;7914602;5879894;11690650;0;6;405;198449608;0.007;10.035;2019.041;3600.102;0;1;1;0.050000;10;10;1;10;0;0;1;1;1;1;1;1;1;1;1
world666;X;1;0;666;442890;0;0;174;631;151747;0;0;139;0.582;122467.000000;122705.000000;0.193961;1;1;1;429.000;4054.000;0.000;0.000;139.000;0.419;159;122467.000000;122467.000000;0.000000;1605;1752;598;1030;647;261620;764;66674;0.205;0.046;4.016;4.021;0;1;1;0.050000;10;10;1;10;0;0;1;1;1;1;1;1;1;1;1
wrp3-83;WRP3;1;0;3168;12440;0;0;83;3049;12199;0;0;81;0.008;8300849.000000;8300934.000000;0.001024;1;1;1;3049.000;12187.000;0.000;0.000;81.000;0.124;585048;8300849.000000;8300934.000000;0.001024;3164201;31274796;894610;2649827;1933209;6367040;14492;33697976;0.065;10.006;0.152;3600.085;0;1;1;0.050000;10;10;1;10;0;0;1;1;1;1;1;1;1;1;1
